customer_id,total_transactions,total_spent,avg_transaction_amount,customer_name,city,customer_type,FAILED,PENDING,SUCCESS,success_rate
C0001,17,443676.89,26098.640588235296,Jalsa Datta,Jabalpur,Premium,2,1,14,0.824
C0002,23,669419.83,29105.21,Bahadurjit Bansal,Aurangabad,Premium,3,2,18,0.783
C0003,30,729137.22,24304.574,Frederick Peri,Jhansi,Premium,1,1,28,0.933
C0004,26,589014.34,22654.39769230769,Upkaar Sagar,Bangalore,Regular,4,1,21,0.808
C0005,25,595171.07,23806.8428,Mohammed Majumdar,South Dumdum,Regular,2,1,22,0.88
C0006,24,632151.44,26339.64333333333,Udarsh Pillai,Bhagalpur,Premium,3,3,18,0.75
C0007,21,619613.52,29505.405714285716,Ekta Bains,Nagercoil,Regular,2,0,19,0.905
C0008,15,378548.4,25236.56,Ekaja Shroff,Anantapur,Premium,1,0,14,0.933
C0010,20,519906.36,25995.318,Vidhi Sarna,Jalandhar,Regular,3,0,17,0.85
C0011,22,568213.34,25827.87909090909,Kamya Devan,Patiala,Premium,3,2,17,0.773
C0012,22,608868.83,27675.855909090908,Siddharth Sehgal,Ranchi,Premium,4,0,18,0.818
C0013,24,535477.67,22311.569583333334,Akshay Parikh,Indore,Regular,0,3,21,0.875
C0014,20,473975.82,23698.791,Anika Deshmukh,Vijayawada,Premium,3,2,15,0.75
C0015,27,732631.37,27134.495185185184,Urvashi Dasgupta,Panihati,Premium,0,4,23,0.852
C0016,23,455678.15,19812.09347826087,Ubika Sood,Indore,Regular,1,3,19,0.826
C0017,24,714647.35,29776.972916666666,Harsh Walia,Farrukhabad,Regular,1,2,21,0.875
C0018,20,435007.77,21750.3885,Sarthak Bera,Mehsana,Regular,2,0,18,0.9
C0019,19,559413.06,29442.792631578952,Mekhala Ratta,Secunderabad,Premium,1,1,17,0.895
C0020,18,514291.0,28571.722222222223,Hema Ramanathan,Nagaon,Regular,2,0,16,0.889
C0021,13,353301.93,27177.07153846154,Daksh Hans,Sasaram,Regular,2,0,11,0.846
C0022,24,596374.07,24848.919583333332,Zaid Sankaran,Hapur,Regular,1,2,21,0.875
C0023,20,646250.64,32312.532,Abeer Chadha,Orai,Premium,1,0,19,0.95
C0024,20,427146.59,21357.3295,Qarin Oak,Coimbatore,Regular,2,2,16,0.8
C0025,23,582978.05,25346.871739130438,Samuel Divan,Bihar Sharif,Regular,0,0,23,1.0
C0026,25,648291.06,25931.6424,Damyanti Deep,Danapur,Premium,2,2,21,0.84
C0027,15,375465.37,25031.024666666668,Harita Grewal,Berhampore,Regular,0,0,15,1.0
C0028,12,331660.65,27638.3875,Lakshmi Lata,Vijayawada,Premium,0,2,10,0.833
C0029,20,379440.98,18972.049,Mohammed Balasubramanian,Khora ,Regular,1,1,18,0.9
C0030,19,470710.04,24774.212631578946,Gavin Wali,Malda,Regular,2,1,16,0.842
C0031,25,545746.49,21829.8596,Aarnav Keer,Kumbakonam,Premium,3,1,21,0.84
C0032,22,521240.46,23692.748181818184,Dipta Dugar,Solapur,Premium,1,0,21,0.955
C0033,20,488016.81,24400.8405,Harish Balan,Gulbarga,Regular,2,0,18,0.9
C0034,23,592949.8,25780.426086956522,Harita Kakar,Nagaon,Regular,3,0,20,0.87
C0035,17,549877.84,32345.755294117644,Madhav Issac,Firozabad,Premium,2,2,13,0.765
C0036,19,473148.4,24902.547368421056,Gauri Rege,Bardhaman,Regular,1,1,17,0.895
C0037,23,459678.33,19986.014347826087,Widisha Peri,Etawah,Premium,3,2,18,0.783
C0038,24,490570.9,20440.454166666666,Libni Saha,Vijayawada,Regular,3,0,21,0.875
C0039,15,372030.96,24802.064000000002,Bhavya Dhawan,Varanasi,Premium,0,0,15,1.0
C0040,25,590281.89,23611.2756,Balendra Majumdar,Bharatpur,Premium,3,1,21,0.84
C0041,20,431938.75,21596.9375,Orinder Singh,Allahabad,Regular,3,1,16,0.8
C0042,19,494834.7,26043.93157894737,Ishaan Sampath,Nagaon,Premium,1,0,18,0.947
C0043,16,382161.15,23885.071875,Elijah Viswanathan,Dibrugarh,Regular,2,1,13,0.812
C0044,20,473598.85,23679.942499999997,Pavani Handa,Fatehpur,Premium,3,0,17,0.85
C0045,25,578392.28,23135.6912,Nikita Loke,Satna,Regular,2,0,23,0.92
C0046,11,247022.56,22456.596363636363,Charles Borah,Kanpur,Regular,0,0,11,1.0
C0047,25,658667.87,26346.7148,Meera Upadhyay,Silchar,Premium,2,0,23,0.92
C0048,15,332960.83,22197.38866666667,Nidhi Dalal,Unknown,Premium,1,0,14,0.933
C0049,11,280831.70999999996,25530.155454545453,Faraj Chakrabarti,Panipat,Premium,0,0,11,1.0
C0050,18,449220.05,24956.669444444444,Vasana Kashyap,Singrauli,Premium,0,0,18,1.0
C0051,20,429589.74,21479.487,Frederick Issac,Siliguri,Premium,2,1,17,0.85
C0052,20,478317.72,23915.886,Gautam Balay,Arrah,Premium,4,0,16,0.8
C0053,22,571834.64,25992.48363636364,Varsha Bakshi,Bahraich,Premium,1,1,20,0.909
C0054,15,414624.42,27641.628,Xalak Gala,Alappuzha,Regular,0,0,15,1.0
C0055,16,362119.1,22632.44375,Rishi Gokhale,Nashik,Premium,3,0,13,0.812
C0056,19,390667.8,20561.463157894737,Jackson Prasad,Mangalore,Premium,3,0,16,0.842
C0057,16,354429.33,22151.833125,Tamanna Rai,Jodhpur,Premium,1,0,15,0.938
C0058,11,288249.21,26204.473636363637,Udyati Shere,Panihati,Regular,2,2,7,0.636
C0059,14,370665.1,26476.07857142857,Lekha Nath,Patna,Premium,1,0,13,0.929
C0060,14,404713.26,28908.09,Watika Tara,Haridwar,Regular,0,0,14,1.0
C0061,18,419362.23,23297.901666666665,Udyati Krishna,Durgapur,Premium,3,0,15,0.833
C0062,13,390838.4,30064.492307692308,Darika Johal,Ghaziabad,Premium,2,0,11,0.846
C0063,21,458848.49,21849.928095238094,Hemal Bhatnagar,Jehanabad,Premium,2,1,18,0.857
C0064,17,431680.86,25392.991764705883,Shivani Gola,Jamnagar,Premium,3,1,13,0.765
C0065,17,437542.59,25737.799411764707,Faris Balay,Aurangabad,Regular,3,1,13,0.765
C0066,16,475307.63,29706.726875,Praneel Oommen,Thrissur,Regular,2,0,14,0.875
C0067,21,598332.75,28492.035714285714,Sanaya Kala,Ambala,Premium,1,2,18,0.857
C0068,25,717940.27,28717.610800000002,Upkaar Shenoy,Unknown,Premium,2,1,22,0.88
C0069,20,504675.35,25233.767499999998,Jasmit Raja,Jhansi,Regular,3,1,16,0.8
C0070,19,473211.79,24905.883684210527,Xalak Bhargava,Aurangabad,Regular,1,1,17,0.895
C0071,18,537968.82,29887.156666666662,Chanakya Khanna,Kottayam,Regular,1,0,17,0.944
C0072,16,317675.77,19854.735625,Noah Sarna,New Delhi,Regular,1,1,14,0.875
C0073,19,525630.51,27664.763684210528,Samesh Loke,Nizamabad,Premium,2,1,16,0.842
C0074,24,638723.4,26613.475000000002,Nitara Saran,Bhavnagar,Regular,1,0,23,0.958
C0075,24,542879.37,22619.97375,Yash Dar,Nagpur,Regular,1,3,20,0.833
C0076,24,614300.0599999999,25595.83583333333,Zayyan Devi,Rohtak,Premium,2,1,21,0.875
C0077,18,486068.89,27003.827222222222,Kamya Narang,Hazaribagh,Premium,2,1,15,0.833
C0078,22,551970.21,25089.554999999997,Nachiket Dara,Indore,Premium,0,3,19,0.864
C0079,17,473370.96,27845.350588235295,Devansh Sandal,Berhampur,Regular,2,1,14,0.824
C0080,20,468239.92,23411.996,Krisha Aurora,Navi Mumbai,Regular,3,1,16,0.8
C0081,16,429640.99,26852.561875,Aarnav Dayal,Jodhpur,Premium,3,2,11,0.688
C0082,20,444945.3,22247.265,Yashasvi Krish,North Dumdum,Premium,2,1,17,0.85
C0083,22,540832.26,24583.284545454546,Brijesh Arora,Asansol,Regular,7,1,14,0.636
C0084,18,431576.62,23976.478888888887,Upma Tak,Mathura,Regular,2,0,16,0.889
C0085,14,419747.45,29981.960714285717,Lajita Krishna,Anantapuram,Regular,2,2,10,0.714
C0086,24,615233.26,25634.719166666666,Varenya Garg,Berhampur,Premium,1,3,20,0.833
C0087,23,646529.12,28109.961739130435,Amara Dewan,Korba,Regular,3,1,19,0.826
C0088,11,276855.32,25168.665454545455,Chaitaly Garg,Raipur,Premium,0,1,10,0.909
C0089,20,524926.9,26246.345,Chaitanya Wagle,Nangloi Jat,Regular,5,0,15,0.75
C0090,25,695796.93,27831.877200000003,Agastya Wagle,Karnal,Premium,2,1,22,0.88
C0091,26,632862.51,24340.865769230768,Jagdish Acharya,Amritsar,Premium,4,2,20,0.769
C0092,20,529241.9299999999,26462.096499999996,Sai Dar,Ludhiana,Premium,4,1,15,0.75
C0093,23,576561.83,25067.90565217391,Udyati Sheth,Meerut,Regular,1,1,21,0.913
C0094,32,700673.7,21896.053125,Avni Padmanabhan,Sangli-Miraj & Kupwad,Regular,3,2,27,0.844
C0095,22,604100.03,27459.092272727274,Abha Badal,Jalna,Premium,3,2,17,0.773
C0096,14,319386.97,22813.355,Varsha Nazareth,Kanpur,Regular,2,2,10,0.714
C0097,20,490955.99,24547.7995,Harshil Khare,Buxar,Regular,2,0,18,0.9
C0098,23,478973.94,20824.95391304348,Isaiah Varty,Kollam,Premium,1,2,20,0.87
C0099,22,500608.52,22754.932727272728,Bina Doshi,Miryalaguda,Premium,1,1,20,0.909
C0100,21,592183.96,28199.23619047619,Zayyan Acharya,Phagwara,Regular,4,1,16,0.762
C0101,20,552633.54,27631.677000000003,Dalaja Batra,Hindupur,Premium,1,0,19,0.95
C0102,16,479750.32,29984.395,Ria Tailor,Noida,Premium,3,1,12,0.75
C0103,18,364364.65,20242.480555555558,Nitara Nagar,Tumkur,Regular,1,2,15,0.833
C0104,9,213161.2,23684.57777777778,Max Shah,Hospet,Premium,0,1,8,0.889
C0105,26,706571.01,27175.808076923076,Aarav Radhakrishnan,Patna,Regular,3,0,23,0.885
C0106,15,366394.23,24426.282,Harish Khatri,Chandigarh,Regular,2,0,13,0.867
C0107,19,453176.57,23851.398421052632,Krishna Dara,Gangtok,Regular,1,2,16,0.842
C0108,17,402767.53,23692.207647058825,Eshana Oza,Bangalore,Regular,0,1,16,0.941
C0109,18,432078.01,24004.33388888889,Upkaar Wali,Bihar Sharif,Premium,2,1,15,0.833
C0110,25,701430.42,28057.216800000002,Eesha Baria,Phusro,Premium,2,2,21,0.84
C0111,18,558035.58,31001.976666666666,Siya Lanka,Vijayawada,Premium,1,1,16,0.889
C0112,14,321001.67,22928.690714285713,Indira Dutt,Rajkot,Premium,1,0,13,0.929
C0113,17,360248.6,21191.09411764706,Bahadurjit Sheth,Narasaraopet,Premium,1,1,15,0.882
C0114,15,421564.41000000003,28104.294,Gaurav Pall,Gurgaon,Regular,2,1,12,0.8
C0115,23,689056.7,29958.986956521738,Anmol Kurian,Chandigarh,Premium,4,0,19,0.826
C0116,18,404488.51,22471.58388888889,Fariq Mutti,Nagercoil,Regular,1,1,16,0.889
C0117,17,420805.55,24753.267647058823,Faris Dora,Bahraich,Premium,3,0,14,0.824
C0118,21,535166.76,25484.13142857143,Aayush Prabhu,Uluberia,Regular,2,1,18,0.857
C0119,28,646638.55,23094.23392857143,Oeshi Bhattacharyya,Akola,Premium,3,0,25,0.893
C0120,14,355679.38,25405.670000000002,Naveen Taneja,Meerut,Regular,3,1,10,0.714
C0121,23,569995.73,24782.42304347826,Jonathan Aggarwal,Thanjavur,Premium,1,1,21,0.913
C0122,22,575241.23,26147.328636363636,Nicholas Borra,Etawah,Regular,3,1,18,0.818
C0123,22,555237.81,25238.082272727275,Upkaar Memon,Anand,Regular,1,0,21,0.955
C0124,17,391727.22,23042.77764705882,Hritik Ganesan,Chapra,Regular,2,0,15,0.882
C0125,19,529170.16,27851.06105263158,Ekta Kothari,Nangloi Jat,Regular,2,1,16,0.842
C0126,22,472524.27,21478.37590909091,Udarsh Mitra,Nashik,Premium,4,1,17,0.773
C0127,26,577522.03,22212.385769230772,Orinder Panchal,Shimoga,Premium,1,4,21,0.808
C0128,30,830842.49,27694.749666666667,Anay Raj,Asansol,Premium,6,0,24,0.8
C0129,20,525086.57,26254.328499999996,Kamya Kapoor,Gudivada,Premium,1,1,18,0.9
C0130,20,564571.43,28228.571500000002,Samaksh Raju,Mangalore,Regular,1,3,16,0.8
C0131,21,561425.39,26734.54238095238,Laban Venkatesh,Gopalpur,Premium,3,2,16,0.762
C0132,23,561263.62,24402.766086956522,Tanmayi Kibe,Durgapur,Regular,0,1,22,0.957
C0133,19,530859.56,27939.976842105265,Sudiksha Nagarajan,Ghaziabad,Premium,2,0,17,0.895
C0134,19,441056.59,23213.504736842107,Aayush Bahri,Jalandhar,Premium,2,1,16,0.842
C0135,18,505048.52,28058.251111111113,Maanav Ratta,Jalna,Regular,4,1,13,0.722
C0136,27,770090.79,28521.881111111114,Anamika Gupta,Kolhapur,Premium,2,1,24,0.889
C0137,16,404845.21,25302.825625,Unni Bhakta,Munger,Premium,2,0,14,0.875
C0138,18,439412.16000000003,24411.786666666667,Saumya Chaudhary,Panvel,Regular,3,1,14,0.778
C0139,17,397494.33,23382.019411764708,Ekbal Virk,Kalyan-Dombivli,Premium,1,1,15,0.882
C0140,18,496405.72,27578.095555555556,Veda Pillay,Aizawl,Regular,1,0,17,0.944
C0141,24,618429.11,25767.87958333333,Jagat Mitra,Tiruvottiyur,Regular,6,0,18,0.75
C0142,21,478739.64,22797.125714285714,Sathvik Bava,Ajmer,Regular,3,1,17,0.81
C0143,23,580997.19,25260.747391304347,Darpan Date,Hyderabad,Regular,0,1,22,0.957
C0144,17,386758.6,22750.50588235294,Upma Saha,Thane,Regular,0,0,17,1.0
C0145,18,375218.0,20845.444444444445,Sai Varkey,Phusro,Regular,2,0,16,0.889
C0146,20,568473.12,28423.656,Ojasvi Parikh,Howrah,Premium,2,1,17,0.85
C0147,20,576746.45,28837.3225,Ekani Merchant,Bhopal,Premium,3,1,16,0.8
C0148,24,444283.63,18511.817916666667,Suhani Chhabra,Mahbubnagar,Regular,1,1,22,0.917
C0149,19,399623.82,21032.83263157895,Arya Banik,Jalna,Premium,0,1,18,0.947
C0150,29,714884.21,24651.17965517241,Kritika Tata,Serampore,Regular,4,4,21,0.724
C0151,22,547225.39,24873.881363636363,Hiral Bansal,Siwan,Regular,3,1,18,0.818
C0152,14,339230.11,24230.722142857143,Nicholas Doctor,Bhiwandi,Premium,0,0,14,1.0
C0153,22,639726.45,29078.475,Ayaan Ratta,Tiruchirappalli,Premium,5,0,17,0.773
C0154,21,492259.95,23440.95,Michael Mistry,Panvel,Regular,3,2,16,0.762
C0155,23,520810.89999999997,22643.952173913043,Chameli Lanka,Jodhpur,Premium,3,0,20,0.87
C0156,24,589201.4400000001,24550.06,Robert Sagar,Kulti,Premium,3,1,20,0.833
C0157,19,407254.78,21434.46210526316,Harini Sanghvi,Arrah,Regular,2,0,17,0.895
C0158,23,690970.4,30042.191304347827,Avi Guha,Bhusawal,Premium,3,1,19,0.826
C0159,18,401915.32,22328.62888888889,Yashvi Kadakia,Kirari Suleman Nagar,Premium,1,2,15,0.833
C0160,16,441303.4,27581.4625,Unnati Tella,Chandrapur,Regular,0,0,16,1.0
C0161,17,382126.25,22478.014705882353,Krishna Goel,Sangli-Miraj & Kupwad,Premium,1,1,15,0.882
C0162,22,463129.09,21051.322272727273,Yasti Sethi,Tezpur,Regular,2,1,19,0.864
C0163,9,160251.51,17805.723333333335,Advay Agrawal,Dhule,Premium,0,0,9,1.0
C0164,21,502101.36,23909.588571428572,Wyatt Soman,Kamarhati,Regular,3,0,18,0.857
C0165,22,475358.57,21607.20772727273,Nirja Murty,Bidhannagar,Regular,0,1,21,0.955
C0166,22,557678.99,25349.045,Qadim Swaminathan,Dehri,Regular,1,0,21,0.955
C0167,20,451746.49,22587.3245,Kala Dave,Loni,Regular,2,0,18,0.9
C0168,15,385321.13,25688.075333333334,Advaith Chandran,Vijayanagaram,Regular,1,2,12,0.8
C0169,14,292030.08,20859.29142857143,Arjun Ratta,Vadodara,Premium,1,0,13,0.929
C0170,33,796462.56,24135.22909090909,Urvashi Chana,Kirari Suleman Nagar,Regular,2,1,30,0.909
C0171,17,351585.81,20681.51823529412,Anay Kapoor,Nashik,Premium,2,0,15,0.882
C0172,21,650143.32,30959.205714285712,Aarnav Rau,Chinsurah,Premium,1,0,20,0.952
C0173,22,453235.97,20601.635,Yasti Anne,Barasat,Regular,2,1,19,0.864
C0174,24,527187.84,21966.16,Peter Nayar,Patiala,Regular,1,2,21,0.875
C0175,25,570832.3099999999,22833.2924,Ekavir Barman,Faridabad,Premium,3,0,22,0.88
C0176,15,390351.13,26023.408666666666,Krisha Basak,Panvel,Regular,1,0,14,0.933
C0177,31,698645.35,22536.946774193548,Manya Samra,Satara,Regular,2,2,27,0.871
C0178,21,492774.07,23465.431904761906,Raghav Reddy,Asansol,Premium,2,2,17,0.81
C0179,17,484497.72,28499.86588235294,Qushi Gola,Kadapa,Premium,1,1,15,0.882
C0180,23,580172.26,25224.88086956522,Alka Nadkarni,Rajpur Sonarpur,Premium,3,3,17,0.739
C0181,14,368687.99,26334.856428571427,Ijaya Cheema,Proddatur,Regular,1,1,12,0.857
C0182,14,454393.38,32456.670000000002,Urvi Luthra,Jaipur,Premium,3,1,10,0.714
C0183,26,684423.33,26323.97423076923,Matthew Pal,Yamunanagar,Premium,3,2,21,0.808
C0184,18,408796.28,22710.904444444444,Samar Thaman,Ratlam,Regular,2,2,14,0.778
C0185,12,329005.29,27417.1075,Meera Yadav,Faridabad,Premium,2,0,10,0.833
C0186,20,579510.3099999999,28975.515499999998,Divya Ramesh,Bilaspur,Regular,1,2,17,0.85
C0188,23,620201.16,26965.267826086958,Devika Ranganathan,Bettiah,Regular,0,1,22,0.957
C0189,23,507092.12,22047.48347826087,Chaman Mallick,Nanded,Premium,4,1,18,0.783
C0190,14,366012.23,26143.730714285713,Fiyaz Kurian,Shimoga,Premium,1,0,13,0.929
C0191,15,400064.19,26670.946,Jai Dalal,Rewa,Regular,1,3,11,0.733
C0192,25,635717.91,25428.7164,Tanmayi Ganguly,Kumbakonam,Regular,1,2,22,0.88
C0193,20,509346.92,25467.345999999998,Riya Luthra,Guntakal,Premium,0,2,18,0.9
C0194,21,480165.16,22865.007619047617,Qadim Pal,Nandyal,Premium,2,2,17,0.81
C0195,19,476959.38,25103.125263157894,Victor Tripathi,Berhampur,Premium,0,0,19,1.0
C0196,24,579117.64,24129.90166666667,Shravya Grover,Tinsukia,Regular,2,3,19,0.792
C0197,23,565576.79,24590.295217391307,Meghana Chandran,Kolkata,Regular,3,1,19,0.826
C0198,18,532570.25,29587.23611111111,Eta Sane,Gangtok,Regular,1,2,15,0.833
C0199,13,369656.6,28435.123076923075,Bhavika Saxena,Firozabad,Premium,0,0,13,1.0
C0200,23,629752.24,27380.53217391304,Oscar Mangat,Adoni,Premium,2,2,19,0.826
C0201,24,539116.97,22463.20708333333,Forum Seth,Shimoga,Premium,2,1,21,0.875
C0202,22,453910.85,20632.311363636363,Eesha Hora,Fatehpur,Regular,3,0,19,0.864
C0203,13,305450.74,23496.21076923077,Mekhala Mandal,Mysore,Premium,2,0,11,0.846
C0204,19,418450.36,22023.703157894735,Megha Kari,Kurnool,Regular,4,1,14,0.737
C0206,21,462414.35,22019.730952380953,Amaira Mody,South Dumdum,Premium,2,0,19,0.905
C0207,23,501098.05,21786.871739130434,Kamala Deshmukh,Kakinada,Premium,5,0,18,0.783
C0208,22,568507.81,25841.264090909095,Girindra Chandran,Jammu,Premium,0,0,22,1.0
C0209,22,602118.85,27369.038636363635,Isaiah Ganesh,Cuttack,Premium,1,0,21,0.955
C0210,28,767902.6799999999,27425.09571428571,Oeshi Narain,Karawal Nagar,Regular,3,3,22,0.786
C0211,22,529825.95,24082.997727272726,Robert Gill,Rajpur Sonarpur,Premium,2,1,19,0.864
C0212,24,710428.55,29601.189583333336,Adya Nagarajan,Rajkot,Premium,1,1,22,0.917
C0213,31,818197.84,26393.47870967742,Aradhana Purohit,Singrauli,Regular,5,3,23,0.742
C0214,16,431290.4,26955.65,Indrajit Sinha,Kolkata,Premium,1,0,15,0.938
C0215,23,628576.97,27329.433478260868,Chaman Gulati,Phusro,Regular,0,2,21,0.913
C0216,17,408456.7,24026.864705882355,Oviya Dugal,Yamunanagar,Regular,0,0,17,1.0
C0217,18,445297.43,24738.74611111111,Dalaja Puri,Mahbubnagar,Premium,2,0,16,0.889
C0218,20,606222.78,30311.139000000003,Faraj Dani,Durgapur,Premium,2,1,17,0.85
C0219,17,503925.27999999997,29642.663529411762,Vinaya Sachdeva,Bokaro,Premium,2,0,15,0.882
C0220,26,676003.76,26000.144615384615,Warhi Master,Etawah,Premium,2,3,21,0.808
C0221,25,647317.27,25892.6908,Ubika Lanka,Phagwara,Regular,4,1,20,0.8
C0222,19,442017.36,23264.07157894737,Abhiram Dutt,Korba,Premium,1,1,17,0.895
C0223,18,486478.35000000003,27026.575,Mekhala Bahri,Vadodara,Regular,3,1,14,0.778
C0224,21,467787.41,22275.59095238095,Aishani Datta,Akola,Regular,2,1,18,0.857
C0225,28,630397.01,22514.17892857143,Tanish Pant,Surendranagar Dudhrej,Regular,2,1,25,0.893
C0226,15,380712.13,25380.808666666668,Charan Karnik,Mira-Bhayandar,Premium,4,0,11,0.733
C0227,31,766032.68,24710.731612903226,Mahika Karan,Tumkur,Regular,0,0,31,1.0
C0228,17,328545.49,19326.205294117648,Pahal Babu,Karawal Nagar,Regular,2,2,13,0.765
C0229,21,398405.80000000005,18971.704761904763,Urvi Krishnamurthy,Chinsurah,Premium,2,0,19,0.905
C0230,20,462066.69,23103.3345,Samesh Mistry,Akola,Premium,1,1,18,0.9
C0231,16,415271.72,25954.4825,Ayushman Dutta,Tadepalligudem,Premium,1,1,14,0.875
C0232,20,536321.38,26816.069,Ojas Chacko,Bhagalpur,Premium,1,1,18,0.9
C0233,14,334142.76,23867.34,Barkha Mahal,Patna,Premium,0,0,14,1.0
C0234,14,394627.44,28187.674285714285,Krish Doshi,Avadi,Premium,0,1,13,0.929
C0235,24,584484.27,24353.51125,Dev Lala,Bijapur,Regular,3,1,20,0.833
C0236,20,413949.65,20697.482500000002,Ojas Oommen,Hajipur,Regular,1,1,18,0.9
C0237,22,696876.11,31676.186818181817,Champak Varkey,Uluberia,Premium,5,2,15,0.682
C0238,14,420073.14,30005.22428571429,Oliver Raval,Aligarh,Premium,2,0,12,0.857
C0239,18,457196.45999999996,25399.80333333333,Darpan Deo,Begusarai,Premium,0,0,18,1.0
C0240,14,307161.58,21940.11285714286,Yashvi Tak,Kakinada,Premium,0,1,13,0.929
C0241,23,580738.19,25249.486521739127,Rohan Butala,Shimla,Premium,2,1,20,0.87
C0242,31,824704.27,26603.363548387097,Azaan Pillai,Baranagar,Premium,2,1,28,0.903
C0243,20,401124.67,20056.2335,Andrew Andra,Vijayanagaram,Premium,2,1,17,0.85
C0244,16,416862.69,26053.918125,Priya Bir,Bhimavaram,Regular,2,0,14,0.875
C0245,19,595656.26,31350.32947368421,Dhruv Mandal,Thiruvananthapuram,Premium,2,0,17,0.895
C0246,16,342443.83,21402.739375,Ayushman Mital,Mysore,Regular,1,0,15,0.938
C0247,23,524448.35,22802.10217391304,Dakshesh Ramanathan,Karawal Nagar,Regular,5,1,17,0.739
C0248,19,476271.23,25066.90684210526,Brinda Joshi,Dhanbad,Regular,3,2,14,0.737
C0249,17,490835.68,28872.68705882353,Aarush Pathak,Khora ,Regular,0,1,16,0.941
C0250,18,523362.47,29075.692777777775,Maya Sen,Ambala,Premium,2,1,15,0.833
C0251,16,370218.49,23138.655625,Andrew Upadhyay,Dhanbad,Premium,2,1,13,0.812
C0252,24,626430.73,26101.280416666665,Ojasvi Samra,Ratlam,Regular,3,2,19,0.792
C0253,11,331878.55,30170.77727272727,Irya Sodhi,Kalyan-Dombivli,Premium,1,0,10,0.909
C0254,25,755748.76,30229.9504,Hredhaan Randhawa,New Delhi,Premium,3,1,21,0.84
C0255,21,396813.46,18895.879047619048,Gopal Kashyap,Gulbarga,Regular,1,3,17,0.81
C0256,21,593812.74,28276.797142857144,Liam Dey,Vasai-Virar,Regular,0,1,20,0.952
C0257,21,531054.88,25288.32761904762,Onveer Roy,Dhanbad,Premium,1,0,20,0.952
C0258,21,388673.31,18508.252857142856,Bachittar Tailor,Guna,Premium,2,1,18,0.857
C0259,23,591995.03,25738.91434782609,Gopal Dyal,Arrah,Premium,2,1,20,0.87
C0260,27,692670.75,25654.472222222223,Saksham Chahal,Medininagar,Regular,1,0,26,0.963
C0261,20,517336.23,25866.8115,Sara Sahota,Mirzapur,Regular,1,1,18,0.9
C0262,12,271478.06,22623.171666666665,Ijaya Sarna,Firozabad,Premium,0,2,10,0.833
C0263,13,316913.4,24377.953846153847,Ucchal Brar,Kollam,Premium,1,1,11,0.846
C0264,19,525447.46,27655.12947368421,Eshana Som,Gwalior,Regular,1,1,17,0.895
C0265,19,434090.3,22846.85789473684,Vansha Batra,Tiruchirappalli,Regular,1,1,17,0.895
C0266,27,713589.59,26429.24407407407,Omisha Cheema,Srikakulam,Regular,3,2,22,0.815
C0267,15,417204.22,27813.614666666665,Jatin Pingle,Narasaraopet,Regular,1,0,14,0.933
C0268,23,524365.23,22798.488260869566,Sudiksha Sawhney,Surat,Premium,5,0,18,0.783
C0269,13,347318.22,26716.78615384615,Eiravati Kari,Kollam,Regular,1,2,10,0.769
C0270,22,462370.44,21016.83818181818,Janaki Narayanan,Hapur,Regular,2,1,19,0.864
C0271,23,506088.83999999997,22003.86260869565,Jonathan Cheema,Sasaram,Premium,1,1,21,0.913
C0272,21,475000.88,22619.089523809525,Panini Kar,Madanapalle,Regular,3,0,18,0.857
C0273,17,327434.92,19260.877647058824,Chatura Bhasin,Sri Ganganagar,Regular,2,1,14,0.824
C0274,9,251460.75,27940.083333333332,Kiaan Keer,Bhavnagar,Premium,0,0,9,1.0
C0275,31,946786.64,30541.504516129033,Watika Varkey,Tadipatri,Regular,5,0,26,0.839
C0276,19,552425.08,29075.004210526313,Deepa Dugal,Ramagundam,Premium,1,0,18,0.947
C0277,12,310321.65,25860.1375,Quincy Virk,Mysore,Premium,1,0,11,0.917
C0278,22,618099.44,28095.42909090909,Pranav Uppal,Bathinda,Regular,0,2,20,0.909
C0279,20,373735.09,18686.754500000003,Hemangini Vohra,Ludhiana,Premium,5,0,15,0.75
C0280,17,550799.97,32399.998235294115,Yochana Dhillon,Bokaro,Premium,4,1,12,0.706
C0281,20,492706.14,24635.307,Caleb Kanda,Secunderabad,Regular,2,1,17,0.85
C0282,27,697944.04,25849.77925925926,Odika Korpal,Bhavnagar,Regular,6,0,21,0.778
C0283,16,262674.63,16417.164375,Yamini Ramanathan,Korba,Regular,0,1,15,0.938
C0284,17,358145.68,21067.39294117647,Aradhana Kibe,South Dumdum,Regular,3,2,12,0.706
C0285,29,768134.17,26487.385172413793,Wakeeta Sood,Sri Ganganagar,Premium,0,3,26,0.897
C0286,22,602665.34,27393.87909090909,Varenya Chahal,Kottayam,Regular,0,2,20,0.909
C0287,14,329587.55,23541.967857142856,Anthony Dey,Anand,Regular,1,3,10,0.714
C0288,19,598470.29,31498.436315789477,Yauvani Solanki,Kolkata,Premium,1,1,17,0.895
C0289,23,584633.91,25418.865652173914,Jai Sule,Satna,Regular,1,0,22,0.957
C0290,15,361606.64,24107.109333333334,Sara Kibe,Bhagalpur,Regular,1,0,14,0.933
C0292,18,413062.39,22947.910555555558,Ekbal Dara,Raiganj,Premium,4,0,14,0.778
C0293,22,599973.47,27271.521363636362,Nilima Dhingra,Saharsa,Regular,3,2,17,0.773
C0294,28,688981.53,24606.483214285716,Qadim Banerjee,Kishanganj,Premium,3,2,23,0.821
C0295,17,334387.05,19669.826470588236,Oliver Kala,Bharatpur,Premium,2,0,15,0.882
C0296,20,551230.12,27561.506,Charan Sastry,Saharanpur,Regular,4,0,16,0.8
C0297,10,241292.24,24129.224,Anay Shah,Khandwa,Regular,1,0,9,0.9
C0298,14,350588.22,25042.015714285713,Nirja Dutta,Kalyan-Dombivli,Regular,1,3,10,0.714
C0299,16,481389.03,30086.814375,Maanav Mangat,Shivpuri,Regular,0,1,15,0.938
C0300,25,669853.79,26794.1516,Fariq Devi,Shimla,Premium,3,3,19,0.76
C0301,24,627954.81,26164.783750000002,Aadi Behl,Secunderabad,Premium,2,0,22,0.917
C0302,25,717522.71,28700.9084,Qarin Datta,Salem,Regular,4,1,20,0.8
C0303,28,652883.5,23317.26785714286,Jonathan Singh,Kanpur,Regular,4,0,24,0.857
C0304,21,470216.41000000003,22391.25761904762,Vedika Brahmbhatt,Loni,Premium,1,1,19,0.905
C0305,17,386396.54000000004,22729.20823529412,Wriddhish Shankar,Unknown,Premium,0,3,14,0.824
C0306,24,544429.86,22684.5775,Laksh Mammen,Tirupati,Regular,4,2,18,0.75
C0307,11,310262.06,28205.64181818182,Rayaan Sachar,Anantapur,Premium,0,0,11,1.0
C0308,27,716330.55,26530.761111111115,Watika Shenoy,Giridih,Premium,1,1,25,0.926
C0309,22,561064.42,25502.928181818184,Chaman Batta,Vasai-Virar,Regular,2,0,20,0.909
C0310,24,678002.32,28250.096666666665,Upasna Atwal,Ahmedabad,Regular,3,2,19,0.792
C0311,16,351284.04,21955.2525,Karan Mohan,Orai,Premium,5,2,9,0.562
C0312,20,483470.7,24173.535,Ethan Varughese,Karnal,Regular,2,0,18,0.9
C0313,17,415024.27,24413.192352941176,Simon Parekh,Akola,Premium,3,0,14,0.824
C0314,18,445827.79,24768.210555555554,Bachittar Palla,Shivpuri,Premium,2,0,16,0.889
C0315,12,213888.45,17824.037500000002,Aishani Varkey,Rohtak,Regular,3,0,9,0.75
C0316,25,696556.85,27862.273999999998,Chavvi Saxena,Nashik,Regular,2,0,23,0.92
C0317,24,689571.68,28732.153333333335,Megha Sane,Mysore,Regular,1,1,22,0.917
C0318,23,532528.26,23153.40260869565,Manan Kalla,Bhind,Regular,2,0,21,0.913
C0319,26,635569.93,24444.99730769231,Ayaan Randhawa,Amaravati,Premium,4,2,20,0.769
C0320,18,410302.02,22794.556666666667,Rachana Yohannan,Bhubaneswar,Premium,1,0,17,0.944
C0321,25,648073.06,25922.922400000003,Madhavi Borah,Serampore,Regular,3,2,20,0.8
C0322,19,488487.77999999997,25709.883157894736,Jackson Iyengar,Gorakhpur,Premium,1,1,17,0.895
C0323,16,277257.33,17328.583125,Wazir Apte,Malegaon,Regular,2,3,11,0.688
C0324,18,544261.6,30236.755555555555,Ekanta Venkataraman,Raebareli,Premium,0,2,16,0.889
C0325,24,530250.75,22093.78125,Ronith Arya,Ujjain,Regular,5,0,19,0.792
C0326,21,561370.92,26731.948571428573,Charan Das,North Dumdum,Premium,0,1,20,0.952
C0327,19,472979.75,24893.67105263158,Balendra Mohanty,Deoghar,Regular,6,1,12,0.632
C0328,23,697052.81,30306.64391304348,Yashasvi Parekh,Raurkela Industrial Township,Premium,2,1,20,0.87
C0329,19,453160.85,23850.571052631578,Ekalinga Goyal,Vijayawada,Regular,2,0,17,0.895
C0330,23,529189.75,23008.25,Ikshita Madan,Buxar,Regular,3,1,19,0.826
C0331,16,379086.83999999997,23692.927499999998,Balveer Nagy,Guna,Regular,3,1,12,0.75
C0332,18,413215.57,22956.420555555556,Pratyush Ravi,Panvel,Regular,0,0,18,1.0
C0333,19,500082.70999999996,26320.142631578947,Irya Cherian,Bihar Sharif,Regular,1,2,16,0.842
C0334,21,594284.4,28299.257142857143,Ronith Basak,Mirzapur,Regular,3,2,16,0.762
C0335,13,268649.73,20665.363846153843,Pallavi Parsa,Sikar,Regular,2,0,11,0.846
C0336,25,575885.86,23035.4344,Sarthak Srinivasan,Karimnagar,Premium,2,2,21,0.84
C0337,31,807048.0,26033.8064516129,Anya Ahuja,Imphal,Regular,6,2,23,0.742
C0338,14,448839.55,32059.967857142856,Anvi Bhatia,Mahbubnagar,Regular,1,0,13,0.929
C0339,15,434124.85,28941.656666666666,Jasmit Shroff,Kota,Premium,0,0,15,1.0
C0340,29,730192.14,25179.03931034483,Vasatika Bumb,Secunderabad,Premium,5,0,24,0.828
C0341,19,473227.99,24906.736315789472,Bakhshi Gade,Unknown,Regular,2,1,16,0.842
C0342,20,524028.3,26201.415,Mitali Munshi,Mira-Bhayandar,Regular,4,1,15,0.75
C0343,18,306495.86,17027.547777777778,Sathvik Bajwa,Chandigarh,Premium,3,0,15,0.833
C0344,14,435673.48,31119.534285714286,Yadavi Bava,Bettiah,Regular,1,2,11,0.786
C0345,18,369113.89,20506.327222222222,Hemang Dugal,Jhansi,Premium,3,1,14,0.778
C0346,19,508358.9,26755.73157894737,Ishanvi Swamy,Thane,Premium,0,0,19,1.0
C0347,18,420137.9,23340.994444444445,Siddharth Prabhu,Bhimavaram,Premium,1,1,16,0.889
C0348,16,448394.7,28024.66875,Oni Dada,Siwan,Regular,0,2,14,0.875
C0349,20,277024.5,13851.225,Mason Roy,Noida,Regular,1,1,18,0.9
C0350,20,519326.97,25966.3485,Vedhika Naidu,Raebareli,Regular,1,0,19,0.95
C0351,9,194349.08000000002,21594.342222222225,Gautami Chakrabarti,Panvel,Regular,0,0,9,1.0
C0352,16,337801.31,21112.581875,Michael Ranganathan,Bongaigaon,Regular,1,1,14,0.875
C0353,26,604309.8099999999,23242.684999999998,Yasti Iyengar,Parbhani,Regular,6,0,20,0.769
C0354,25,688820.4299999999,27552.817199999998,Vedika Kumer,Korba,Regular,4,2,19,0.76
C0355,23,493175.86,21442.428695652172,Tamanna Thakkar,Hapur,Premium,2,2,19,0.826
C0356,23,594264.25,25837.57608695652,Indira Sha,Ballia,Premium,2,2,19,0.826
C0357,18,555012.18,30834.010000000002,Anirudh Chowdhury,Vasai-Virar,Regular,1,1,16,0.889
C0358,22,502109.25,22823.147727272728,Ekapad Bir,Rajpur Sonarpur,Regular,5,0,17,0.773
C0359,21,517619.61,24648.552857142855,Dalaja Peri,Srikakulam,Premium,2,0,19,0.905
C0360,25,657583.5700000001,26303.342800000002,Lekha Kothari,Kolhapur,Regular,1,1,23,0.92
C0361,24,587141.19,24464.216249999998,Ayushman Sagar,Bharatpur,Premium,4,1,19,0.792
C0362,22,514484.83999999997,23385.674545454545,Ubika Khatri,Bhalswa Jahangir Pur,Premium,1,3,18,0.818
C0363,24,543368.34,22640.3475,Tejas Nath,Nangloi Jat,Premium,2,2,20,0.833
C0364,22,507075.32,23048.87818181818,Gaurika Tailor,Orai,Premium,2,0,20,0.909
C0365,20,402084.51,20104.2255,Keya Lala,Bongaigaon,Premium,4,0,16,0.8
C0366,24,668533.96,27855.581666666665,Zinal Wable,Ichalkaranji,Premium,2,1,21,0.875
C0367,21,523695.84,24937.897142857146,Yamini Saha,Haldia,Premium,4,1,16,0.762
C0368,22,472634.06,21483.366363636364,Brijesh Sankar,Dhule,Regular,2,2,18,0.818
C0369,23,518419.58,22539.981739130435,Anirudh Bail,Panipat,Premium,5,1,17,0.739
C0370,14,329937.8,23566.985714285714,Ishwar Ghose,Kurnool,Premium,1,0,13,0.929
C0371,20,459685.43,22984.2715,Leela Shan,Bangalore,Regular,4,0,16,0.8
C0372,21,483337.57,23016.07476190476,Warhi Varty,Alwar,Premium,0,0,21,1.0
C0373,24,671423.4,27975.975000000002,Rajeshri Dhillon,Tiruchirappalli,Premium,2,2,20,0.833
C0374,23,620474.4,26977.14782608696,Praneel Halder,Chapra,Regular,3,1,19,0.826
C0375,22,603270.37,27421.380454545455,Anthony Date,Tadipatri,Regular,2,0,20,0.909
C0376,15,402065.93,26804.395333333334,Reva Sur,Ujjain,Regular,3,1,11,0.733
C0377,19,396307.75,20858.302631578947,Rachita Mandal,Ulhasnagar,Premium,2,0,17,0.895
C0378,21,481149.06,22911.86,Frederick Goel,Saharanpur,Premium,4,0,17,0.81
C0379,24,607808.77,25325.365416666667,Hamsini Keer,Deoghar,Premium,3,0,21,0.875
C0380,18,432315.64,24017.535555555558,Xiti Mahajan,Raipur,Premium,2,0,16,0.889
C0381,26,529745.12,20374.812307692308,Omya Raghavan,Shivpuri,Premium,2,2,22,0.846
C0382,24,534116.45,22254.85208333333,Manya Ravel,Loni,Premium,3,2,19,0.792
C0383,19,503941.64,26523.244210526318,Adweta Char,Kottayam,Regular,2,2,15,0.789
C0384,25,613568.63,24542.7452,Peter Kakar,Erode,Premium,4,4,17,0.68
C0385,16,422593.36,26412.085,Jackson Arora,Bilaspur,Regular,0,0,16,1.0
C0386,12,254420.88,21201.74,Henry Lad,Allahabad,Regular,1,0,11,0.917
C0387,17,390927.88,22995.757647058825,Jatin Barman,Alappuzha,Regular,1,0,16,0.941
C0388,20,546384.6,27319.23,Rudra Prabhakar,Guntur,Regular,2,3,15,0.75
C0389,13,359027.06,27617.466153846155,Banjeet Gera,Jamshedpur,Premium,0,0,13,1.0
C0390,22,624245.29,28374.78590909091,Robert Dugar,Noida,Regular,4,1,17,0.773
C0391,22,548618.72,24937.214545454543,Lajita Saha,Sirsa,Regular,1,1,20,0.909
C0392,14,227565.87,16254.705,Ubika Padmanabhan,Visakhapatnam,Premium,0,0,14,1.0
C0393,21,616623.28,29363.013333333336,Sachi Basu,Rohtak,Premium,0,2,19,0.905
C0394,20,650391.98,32519.599,Yashica Mahajan,Madhyamgram,Premium,7,0,13,0.65
C0395,21,497706.76,23700.321904761906,Vincent Raghavan,Avadi,Regular,2,0,19,0.905
C0396,20,538394.42,26919.721,Henry Panchal,Hosur,Regular,3,1,16,0.8
C0397,16,360626.96,22539.185,Om Narasimhan,Malda,Premium,2,0,14,0.875
C0399,28,785997.94,28071.355,Avni Behl,Kamarhati,Premium,2,1,25,0.893
C0400,19,461386.66,24283.50842105263,Kala Shah,Kakinada,Premium,0,2,17,0.895
C0401,16,428261.37,26766.335625,Jeet Chanda,Jodhpur,Regular,2,1,13,0.812
C0402,20,541121.14,27056.057,Oviya Mani,Thrissur,Regular,3,1,16,0.8
C0403,23,449200.68,19530.464347826088,Riya Kuruvilla,Hazaribagh,Regular,1,1,21,0.913
C0404,13,304878.62,23452.201538461537,Kai Zachariah,Bijapur,Regular,1,1,11,0.846
C0405,14,258972.2,18498.014285714286,Shivansh Purohit,Hapur,Regular,2,0,12,0.857
C0406,20,574051.99,28702.5995,Tanveer Salvi,Jammu,Premium,5,0,15,0.75
C0407,15,315865.28,21057.685333333335,Chanchal Merchant,Unnao,Regular,2,1,12,0.8
C0408,29,719525.15,24811.212068965517,Hema Sunder,Bhubaneswar,Regular,4,4,21,0.724
C0409,14,239319.58,17094.255714285715,Devansh Wadhwa,Dharmavaram,Regular,2,0,12,0.857
C0410,19,445094.1,23426.005263157895,Jai Taneja,Bihar Sharif,Regular,0,3,16,0.842
C0411,22,546292.64,24831.48363636364,Bhavika Khalsa,Phusro,Premium,2,0,20,0.909
C0412,16,328426.4,20526.65,Xiti Muni,Coimbatore,Regular,1,0,15,0.938
C0413,18,493488.2,27416.01111111111,Daksh Kant,Shimla,Premium,1,2,15,0.833
C0414,17,385509.53,22677.03117647059,Urvi Kota,Bharatpur,Regular,3,3,11,0.647
C0415,19,426282.57,22435.924736842106,Chaman Hora,Satna,Regular,3,1,15,0.789
C0417,16,571018.34,35688.64625,Isaiah Kalla,Raebareli,Regular,3,0,13,0.812
C0418,18,507207.12,28178.173333333332,Aahana Sha,Ratlam,Regular,0,0,18,1.0
C0419,15,390136.94,26009.129333333334,Bimala Karnik,Madurai,Regular,2,1,12,0.8
C0420,23,682696.24,29682.445217391305,Gaurav Kothari,Hyderabad,Premium,3,0,20,0.87
C0421,18,414091.28,23005.071111111112,Balendra Kala,Bhilai,Premium,0,0,18,1.0
C0422,20,635101.77,31755.0885,Samuel Sangha,Patiala,Premium,2,0,18,0.9
C0423,13,308964.75,23766.51923076923,Balhaar Virk,Khammam,Premium,1,1,11,0.846
C0424,20,582784.48,29139.224,Urvi Bhandari,Machilipatnam,Regular,3,0,17,0.85
C0425,25,625809.4400000001,25032.377600000003,Daksha Kaur,Thrissur,Premium,0,0,25,1.0
C0426,22,552195.36,25099.78909090909,Vidhi Loyal,Kochi,Regular,2,0,20,0.909
C0427,19,400679.55,21088.39736842105,Wyatt Naik,Phagwara,Premium,3,2,14,0.737
C0428,22,635303.75,28877.44318181818,Megha Chaudhary,Panvel,Regular,5,2,15,0.682
C0429,26,673273.88,25895.14923076923,Daksha Natarajan,Shimla,Premium,2,3,21,0.808
C0430,17,412867.26,24286.309411764705,Oni Mittal,Chittoor,Premium,3,0,14,0.824
C0431,25,582108.57,23284.3428,Ucchal Agarwal,Sagar,Premium,3,1,21,0.84
C0432,25,592626.91,23705.0764,Theodore Bandi,Haridwar,Premium,4,1,20,0.8
C0433,15,330543.0,22036.2,Netra Pall,Shimoga,Regular,0,2,13,0.867
C0434,24,690985.54,28791.064166666667,Ishanvi Wadhwa,Indore,Premium,2,1,21,0.875
C0435,21,532322.48,25348.689523809524,Samarth Borde,Visakhapatnam,Regular,2,1,18,0.857
C0436,26,619097.54,23811.44384615385,Quincy Yogi,Guntur,Regular,4,0,22,0.846
C0437,20,450717.42,22535.871,Brijesh Peri,Patiala,Regular,0,0,20,1.0
C0438,19,422589.48,22241.55157894737,Hemal Tiwari,Gopalpur,Premium,0,0,19,1.0
C0439,26,643504.6900000001,24750.180384615385,Isaac Khatri,Avadi,Premium,1,1,24,0.923
C0440,17,432259.69,25427.040588235293,Jeevika Vasa,Kurnool,Regular,1,0,16,0.941
C0441,16,354094.31,22130.894375,Yahvi Srinivasan,Hazaribagh,Regular,0,2,14,0.875
C0442,13,265071.14,20390.087692307694,Robert Kari,Sasaram,Regular,2,1,10,0.769
C0443,23,649155.72,28224.161739130435,Mitali Chaudhary,Jabalpur,Premium,1,1,21,0.913
C0444,20,557092.42,27854.621000000003,Praneel Panchal,Thanjavur,Premium,3,2,15,0.75
C0445,20,514162.82,25708.141,Balendra Venkataraman,Arrah,Regular,3,0,17,0.85
C0446,19,523414.45,27548.128947368423,Vyanjana Bora,Sasaram,Regular,1,1,17,0.895
C0447,14,265831.46,18987.96142857143,Vrinda Basu,Guna,Regular,3,1,10,0.714
C0448,25,681284.76,27251.3904,Wriddhish Naik,Bangalore,Regular,2,0,23,0.92
C0449,30,794836.91,26494.56366666667,Aarush Yogi,Madhyamgram,Premium,3,3,24,0.8
C0450,18,458291.76,25460.653333333335,Divya Kota,Gandhinagar,Regular,2,2,14,0.778
C0451,21,516568.63,24598.50619047619,Wazir Bath,Morena,Premium,3,2,16,0.762
C0452,24,671814.89,27992.287083333333,Urishilla Bawa,Pallavaram,Regular,3,1,20,0.833
C0453,15,274526.08999999997,18301.73933333333,Finn Goel,Firozabad,Regular,1,1,13,0.867
C0454,25,615923.45,24636.938,Xiti Dhingra,Shimoga,Premium,4,3,18,0.72
C0455,16,388726.41000000003,24295.400625000002,Fariq Sengupta,Bhind,Regular,2,0,14,0.875
C0456,20,513190.95999999996,25659.548,Gabriel Bala,Kharagpur,Regular,0,1,19,0.95
C0457,15,275886.6,18392.44,Hredhaan Narayanan,Shivpuri,Premium,0,0,15,1.0
C0458,14,377893.63,26992.402142857143,Sanya Khatri,Dehri,Premium,2,1,11,0.786
C0459,23,561065.19,24394.13869565217,Radha Shere,Jamnagar,Regular,5,1,17,0.739
C0460,23,643700.77,27986.99,Rachana Kalita,Hubli–Dharwad,Regular,1,2,20,0.87
C0461,16,337793.43,21112.089375,Gaurangi Jayaraman,Vellore,Premium,2,0,14,0.875
C0462,14,407821.64,29130.117142857143,Ojasvi Kamdar,Kulti,Regular,1,0,13,0.929
C0463,18,523591.89,29088.438333333335,Zinal Saha,Mirzapur,Regular,1,0,17,0.944
C0464,17,312025.08,18354.416470588236,Diya Bhatia,Guntur,Premium,2,3,12,0.706
C0465,12,305344.64,25445.38666666667,Manbir Lata,Morbi,Premium,1,0,11,0.917
C0466,23,585672.83,25464.03608695652,Shravya Dhawan,Panchkula,Regular,2,2,19,0.826
C0467,15,444756.96,29650.464,Diya Dhar,Madhyamgram,Premium,1,0,14,0.933
C0468,16,378548.13,23659.258125,Udyati Salvi,Pali,Regular,2,3,11,0.688
C0469,17,449808.0,26459.29411764706,Elijah Mall,Gwalior,Premium,1,1,15,0.882
C0470,15,404076.99,26938.466,Udant Bir,Sambhal,Regular,2,0,13,0.867
C0471,24,648870.38,27036.265833333335,Nidhi Mutti,Serampore,Regular,4,2,18,0.75
C0472,20,582718.64,29135.932,Chandresh Prasad,Ulhasnagar,Premium,2,0,18,0.9
C0473,16,393426.76,24589.1725,Bachittar Kapur,Jaunpur,Premium,2,1,13,0.812
C0474,16,289615.08,18100.9425,Edhitha Taneja,Davanagere,Regular,2,1,13,0.812
C0475,17,401773.91,23633.759411764706,Sai Anne,Nadiad,Regular,0,1,16,0.941
C0476,30,694140.38,23138.012666666666,Chakrika Dey,Panipat,Premium,3,0,27,0.9
C0477,20,411339.78,20566.989,Saksham Manda,Ongole,Premium,2,1,17,0.85
C0478,23,516574.04,22459.740869565216,Qarin Swamy,Kishanganj,Premium,0,1,22,0.957
C0479,11,360642.58999999997,32785.689999999995,Devansh Sibal,Purnia,Premium,1,2,8,0.727
C0480,22,603243.38,27420.153636363637,Kala Dugar,Unknown,Premium,3,1,18,0.818
C0481,21,485420.19,23115.247142857144,Ati Subramaniam,Gudivada,Premium,0,2,19,0.905
C0482,19,431033.55,22685.976315789474,Azad Prakash,Kumbakonam,Regular,1,1,17,0.895
C0483,18,403192.05,22399.558333333334,Yahvi Srivastava,Medininagar,Regular,4,1,13,0.722
C0484,20,489570.27999999997,24478.514,Aahana Nair,Madanapalle,Regular,1,0,19,0.95
C0485,17,416465.49,24497.97,Vrinda Thaker,Naihati,Premium,1,1,15,0.882
C0486,26,695791.75,26761.221153846152,Tripti Thaker,Kurnool,Regular,0,0,26,1.0
C0487,12,312986.96,26082.24666666667,Omkaar Karnik,Srinagar,Premium,1,0,11,0.917
C0488,16,415123.36,25945.21,Hema Hans,Bijapur,Premium,4,2,10,0.625
C0489,24,665487.21,27728.633749999997,Samar Bajaj,Miryalaguda,Regular,2,1,21,0.875
C0490,24,637721.86,26571.744166666667,Dakshesh Dara,Pudukkottai,Premium,1,0,23,0.958
C0491,19,452410.11,23811.058421052632,Frado Babu,Junagadh,Premium,3,1,15,0.789
C0492,30,724763.88,24158.796,Christopher Sodhi,Salem,Premium,4,3,23,0.767
C0493,20,414111.5,20705.575,Harshil Wadhwa,Mira-Bhayandar,Regular,2,1,17,0.85
C0494,19,473005.3,24895.015789473684,Nicholas Sandal,Farrukhabad,Regular,3,0,16,0.842
C0495,21,575858.13,27421.815714285716,Rajata Kala,Mumbai,Regular,0,2,19,0.905
C0496,22,603093.01,27413.318636363638,Kashvi Sundaram,Buxar,Regular,4,0,18,0.818
C0497,15,443034.5,29535.633333333335,Aishani Deep,Nanded,Regular,1,0,14,0.933
C0498,23,404150.95,17571.78043478261,Zansi Oak,Kurnool,Premium,2,0,21,0.913
C0499,13,423781.43,32598.57153846154,Abhiram Chokshi,Aizawl,Regular,1,0,12,0.923
C0500,25,712302.6,28492.104,Aadi Kala,Khandwa,Premium,2,2,21,0.84
