customer_id,customer_name,city,customer_type,created_at
C0001,Jalsa Datta,Jabalpur,Premium,2025-11-26
C0002,Bahadurjit Bansal,Aurangabad,Premium,2025-04-28
C0003,Frederick Peri,Jhansi,Premium,2026-05-20
C0004,Upkaar Sagar,Bangalore,Regular,2026-06-05
C0005,Mohammed Majumdar,South Dumdum,Regular,2025-10-09
C0006,Udarsh Pillai,Bhagalpur,Premium,2026-03-17
C0007,Ekta Bains,Nagercoil,Regular,2025-09-30
C0008,Ekaja Shroff,Anantapur,Premium,2026-08-16
C0010,Vidhi Sarna,Jalandhar,Regular,2025-04-07
C0011,Kamya Devan,Patiala,Premium,2025-09-15
C0012,Siddharth Sehgal,Ranchi,Premium,2026-07-12
C0013,Akshay Parikh,Indore,Regular,2025-08-28
C0014,Anika Deshmukh,Vijayawada,Premium,2025-07-01
C0015,Urvashi Dasgupta,Panihati,Premium,2024-09-05
C0016,Ubika Sood,Indore,Regular,2025-07-08
C0017,Harsh Walia,Farrukhabad,Regular,2024-10-21
C0018,Sarthak Bera,Mehsana,Regular,2025-01-21
C0019,Mekhala Ratta,Secunderabad,Premium,2026-07-19
C0020,Hema Ramanathan,Nagaon,Regular,2025-04-26
C0021,Daksh Hans,Sasaram,Regular,2025-02-24
C0022,Zaid Sankaran,Hapur,Regular,2025-10-11
C0023,Abeer Chadha,Orai,Premium,2026-03-12
C0024,Qarin Oak,Coimbatore,Regular,2025-06-09
C0025,Samuel Divan,Bihar Sharif,Regular,2026-05-18
C0026,Damyanti Deep,Danapur,Premium,2026-05-04
C0027,Harita Grewal,Berhampore,Regular,2025-12-11
C0028,Lakshmi Lata,Vijayawada,Premium,2025-03-24
C0029,Mohammed Balasubramanian,Khora ,Regular,2025-06-03
C0030,Gavin Wali,Malda,Regular,2024-12-06
C0031,Aarnav Keer,Kumbakonam,Premium,2026-06-11
C0032,Dipta Dugar,Solapur,Premium,2025-12-04
C0033,Harish Balan,Gulbarga,Regular,2025-10-07
C0034,Harita Kakar,Nagaon,Regular,2026-07-30
C0035,Madhav Issac,Firozabad,Premium,2026-05-03
C0036,Gauri Rege,Bardhaman,Regular,2024-10-19
C0037,Widisha Peri,Etawah,Premium,2024-10-21
C0038,Libni Saha,Vijayawada,Regular,2024-10-31
C0039,Bhavya Dhawan,Varanasi,Premium,2026-06-25
C0040,Balendra Majumdar,Bharatpur,Premium,2025-12-05
C0041,Orinder Singh,Allahabad,Regular,2024-11-16
C0042,Ishaan Sampath,Nagaon,Premium,2024-10-12
C0043,Elijah Viswanathan,Dibrugarh,Regular,2024-12-26
C0044,Pavani Handa,Fatehpur,Premium,2025-05-22
C0045,Nikita Loke,Satna,Regular,2025-06-14
C0046,Charles Borah,Kanpur,Regular,2025-08-18
C0047,Meera Upadhyay,Silchar,Premium,2026-07-03
C0048,Nidhi Dalal,Unknown,Premium,2026-02-02
C0049,Faraj Chakrabarti,Panipat,Premium,2025-09-12
C0050,Vasana Kashyap,Singrauli,Premium,2026-02-16
C0051,Frederick Issac,Siliguri,Premium,2025-07-29
C0052,Gautam Balay,Arrah,Premium,2026-07-14
C0053,Varsha Bakshi,Bahraich,Premium,2025-09-23
C0054,Xalak Gala,Alappuzha,Regular,2025-10-11
C0055,Rishi Gokhale,Nashik,Premium,2024-10-25
C0056,Jackson Prasad,Mangalore,Premium,2026-03-31
C0057,Tamanna Rai,Jodhpur,Premium,2025-05-05
C0058,Udyati Shere,Panihati,Regular,2025-05-09
C0059,Lekha Nath,Patna,Premium,2025-06-30
C0060,Watika Tara,Haridwar,Regular,2025-04-07
C0061,Udyati Krishna,Durgapur,Premium,2026-03-10
C0062,Darika Johal,Ghaziabad,Premium,2024-11-13
C0063,Hemal Bhatnagar,Jehanabad,Premium,2026-06-02
C0064,Shivani Gola,Jamnagar,Premium,2025-07-16
C0065,Faris Balay,Aurangabad,Regular,2024-12-11
C0066,Praneel Oommen,Thrissur,Regular,2024-12-22
C0067,Sanaya Kala,Ambala,Premium,2024-09-15
C0068,Upkaar Shenoy,Unknown,Premium,2026-01-08
C0069,Jasmit Raja,Jhansi,Regular,2026-04-28
C0070,Xalak Bhargava,Aurangabad,Regular,2024-11-03
C0071,Chanakya Khanna,Kottayam,Regular,2024-11-11
C0072,Noah Sarna,New Delhi,Regular,2025-08-01
C0073,Samesh Loke,Nizamabad,Premium,2024-11-25
C0074,Nitara Saran,Bhavnagar,Regular,2025-03-26
C0075,Yash Dar,Nagpur,Regular,2025-05-04
C0076,Zayyan Devi,Rohtak,Premium,2026-01-31
C0077,Kamya Narang,Hazaribagh,Premium,2025-05-31
C0078,Nachiket Dara,Indore,Premium,2025-09-21
C0079,Devansh Sandal,Berhampur,Regular,2025-09-09
C0080,Krisha Aurora,Navi Mumbai,Regular,2025-01-16
C0081,Aarnav Dayal,Jodhpur,Premium,2026-03-26
C0082,Yashasvi Krish,North Dumdum,Premium,2025-03-17
C0083,Brijesh Arora,Asansol,Regular,2024-10-30
C0084,Upma Tak,Mathura,Regular,2025-06-18
C0085,Lajita Krishna,Anantapuram,Regular,2025-06-29
C0086,Varenya Garg,Berhampur,Premium,2025-03-28
C0087,Amara Dewan,Korba,Regular,2024-12-29
C0088,Chaitaly Garg,Raipur,Premium,2026-03-15
C0089,Chaitanya Wagle,Nangloi Jat,Regular,2025-08-25
C0090,Agastya Wagle,Karnal,Premium,2026-06-04
C0091,Jagdish Acharya,Amritsar,Premium,2025-08-05
C0092,Sai Dar,Ludhiana,Premium,2026-07-19
C0093,Udyati Sheth,Meerut,Regular,2025-02-03
C0094,Avni Padmanabhan,Sangli-Miraj & Kupwad,Regular,2025-08-09
C0095,Abha Badal,Jalna,Premium,2026-07-08
C0096,Varsha Nazareth,Kanpur,Regular,2026-09-04
C0097,Harshil Khare,Buxar,Regular,2026-06-05
C0098,Isaiah Varty,Kollam,Premium,2025-01-02
C0099,Bina Doshi,Miryalaguda,Premium,2026-03-16
C0100,Zayyan Acharya,Phagwara,Regular,2025-10-30
C0101,Dalaja Batra,Hindupur,Premium,2025-06-21
C0102,Ria Tailor,Noida,Premium,2026-04-10
C0103,Nitara Nagar,Tumkur,Regular,2024-10-08
C0104,Max Shah,Hospet,Premium,2024-11-26
C0105,Aarav Radhakrishnan,Patna,Regular,2024-12-11
C0106,Harish Khatri,Chandigarh,Regular,2026-03-03
C0107,Krishna Dara,Gangtok,Regular,2026-02-15
C0108,Eshana Oza,Bangalore,Regular,2026-08-04
C0109,Upkaar Wali,Bihar Sharif,Premium,2026-01-28
C0110,Eesha Baria,Phusro,Premium,2025-02-11
C0111,Siya Lanka,Vijayawada,Premium,2026-04-16
C0112,Indira Dutt,Rajkot,Premium,2025-06-09
C0113,Bahadurjit Sheth,Narasaraopet,Premium,2025-07-08
C0114,Gaurav Pall,Gurgaon,Regular,2026-02-25
C0115,Anmol Kurian,Chandigarh,Premium,2025-10-02
C0116,Fariq Mutti,Nagercoil,Regular,2025-11-25
C0117,Faris Dora,Bahraich,Premium,2025-06-08
C0118,Aayush Prabhu,Uluberia,Regular,2025-05-26
C0119,Oeshi Bhattacharyya,Akola,Premium,2025-11-13
C0120,Naveen Taneja,Meerut,Regular,2026-04-09
C0121,Jonathan Aggarwal,Thanjavur,Premium,2024-10-12
C0122,Nicholas Borra,Etawah,Regular,2026-08-14
C0123,Upkaar Memon,Anand,Regular,2026-08-01
C0124,Hritik Ganesan,Chapra,Regular,2024-12-20
C0125,Ekta Kothari,Nangloi Jat,Regular,2026-05-06
C0126,Udarsh Mitra,Nashik,Premium,2026-02-12
C0127,Orinder Panchal,Shimoga,Premium,2026-04-21
C0128,Anay Raj,Asansol,Premium,2025-05-20
C0129,Kamya Kapoor,Gudivada,Premium,2025-04-30
C0130,Samaksh Raju,Mangalore,Regular,2024-12-07
C0131,Laban Venkatesh,Gopalpur,Premium,2024-09-11
C0132,Tanmayi Kibe,Durgapur,Regular,2026-08-21
C0133,Sudiksha Nagarajan,Ghaziabad,Premium,2025-03-26
C0134,Aayush Bahri,Jalandhar,Premium,2026-04-14
C0135,Maanav Ratta,Jalna,Regular,2025-10-10
C0136,Anamika Gupta,Kolhapur,Premium,2025-03-01
C0137,Unni Bhakta,Munger,Premium,2025-10-21
C0138,Saumya Chaudhary,Panvel,Regular,2026-05-27
C0139,Ekbal Virk,Kalyan-Dombivli,Premium,2025-06-07
C0140,Veda Pillay,Aizawl,Regular,2025-03-19
C0141,Jagat Mitra,Tiruvottiyur,Regular,2024-11-06
C0142,Sathvik Bava,Ajmer,Regular,2024-09-27
C0143,Darpan Date,Hyderabad,Regular,2025-04-04
C0144,Upma Saha,Thane,Regular,2026-05-26
C0145,Sai Varkey,Phusro,Regular,2025-10-07
C0146,Ojasvi Parikh,Howrah,Premium,2025-01-02
C0147,Ekani Merchant,Bhopal,Premium,2025-05-10
C0148,Suhani Chhabra,Mahbubnagar,Regular,2026-06-27
C0149,Arya Banik,Jalna,Premium,2026-06-02
C0150,Kritika Tata,Serampore,Regular,2026-03-04
C0151,Hiral Bansal,Siwan,Regular,2025-09-27
C0152,Nicholas Doctor,Bhiwandi,Premium,2025-03-09
C0153,Ayaan Ratta,Tiruchirappalli,Premium,2025-07-30
C0154,Michael Mistry,Panvel,Regular,2025-01-29
C0155,Chameli Lanka,Jodhpur,Premium,2024-10-15
C0156,Robert Sagar,Kulti,Premium,2025-03-18
C0157,Harini Sanghvi,Arrah,Regular,2026-01-10
C0158,Avi Guha,Bhusawal,Premium,2026-07-30
C0159,Yashvi Kadakia,Kirari Suleman Nagar,Premium,2026-01-10
C0160,Unnati Tella,Chandrapur,Regular,2025-06-03
C0161,Krishna Goel,Sangli-Miraj & Kupwad,Premium,2026-05-05
C0162,Yasti Sethi,Tezpur,Regular,2025-03-01
C0163,Advay Agrawal,Dhule,Premium,2026-01-31
C0164,Wyatt Soman,Kamarhati,Regular,2026-03-02
C0165,Nirja Murty,Bidhannagar,Regular,2025-11-15
C0166,Qadim Swaminathan,Dehri,Regular,2025-08-06
C0167,Kala Dave,Loni,Regular,2025-12-18
C0168,Advaith Chandran,Vijayanagaram,Regular,2025-07-04
C0169,Arjun Ratta,Vadodara,Premium,2026-03-18
C0170,Urvashi Chana,Kirari Suleman Nagar,Regular,2025-02-27
C0171,Anay Kapoor,Nashik,Premium,2025-02-06
C0172,Aarnav Rau,Chinsurah,Premium,2026-02-19
C0173,Yasti Anne,Barasat,Regular,2025-10-14
C0174,Peter Nayar,Patiala,Regular,2026-03-07
C0175,Ekavir Barman,Faridabad,Premium,2025-02-03
C0176,Krisha Basak,Panvel,Regular,2025-12-29
C0177,Manya Samra,Satara,Regular,2025-04-16
C0178,Raghav Reddy,Asansol,Premium,2026-02-10
C0179,Qushi Gola,Kadapa,Premium,2024-11-01
C0180,Alka Nadkarni,Rajpur Sonarpur,Premium,2025-03-09
C0181,Ijaya Cheema,Proddatur,Regular,2026-04-21
C0182,Urvi Luthra,Jaipur,Premium,2025-02-15
C0183,Matthew Pal,Yamunanagar,Premium,2026-04-24
C0184,Samar Thaman,Ratlam,Regular,2026-03-14
C0185,Meera Yadav,Faridabad,Premium,2026-04-28
C0186,Divya Ramesh,Bilaspur,Regular,2025-02-24
C0188,Devika Ranganathan,Bettiah,Regular,2025-08-14
C0189,Chaman Mallick,Nanded,Premium,2025-03-28
C0190,Fiyaz Kurian,Shimoga,Premium,2026-01-08
C0191,Jai Dalal,Rewa,Regular,2026-02-15
C0192,Tanmayi Ganguly,Kumbakonam,Regular,2026-06-07
C0193,Riya Luthra,Guntakal,Premium,2025-12-07
C0194,Qadim Pal,Nandyal,Premium,2025-09-27
C0195,Victor Tripathi,Berhampur,Premium,2024-12-23
C0196,Shravya Grover,Tinsukia,Regular,2025-08-30
C0197,Meghana Chandran,Kolkata,Regular,2025-11-11
C0198,Eta Sane,Gangtok,Regular,2026-05-20
C0199,Bhavika Saxena,Firozabad,Premium,2025-06-20
C0200,Oscar Mangat,Adoni,Premium,2025-09-16
C0201,Forum Seth,Shimoga,Premium,2025-05-20
C0202,Eesha Hora,Fatehpur,Regular,2026-01-17
C0203,Mekhala Mandal,Mysore,Premium,2026-02-25
C0204,Megha Kari,Kurnool,Regular,2026-07-03
C0206,Amaira Mody,South Dumdum,Premium,2025-01-07
C0207,Kamala Deshmukh,Kakinada,Premium,2026-08-05
C0208,Girindra Chandran,Jammu,Premium,2026-08-16
C0209,Isaiah Ganesh,Cuttack,Premium,2026-05-22
C0210,Oeshi Narain,Karawal Nagar,Regular,2024-11-01
C0211,Robert Gill,Rajpur Sonarpur,Premium,2025-07-02
C0212,Adya Nagarajan,Rajkot,Premium,2024-11-05
C0213,Aradhana Purohit,Singrauli,Regular,2026-03-07
C0214,Indrajit Sinha,Kolkata,Premium,2025-09-21
C0215,Chaman Gulati,Phusro,Regular,2025-06-27
C0216,Oviya Dugal,Yamunanagar,Regular,2025-02-03
C0217,Dalaja Puri,Mahbubnagar,Premium,2026-05-19
C0218,Faraj Dani,Durgapur,Premium,2025-02-19
C0219,Vinaya Sachdeva,Bokaro,Premium,2026-08-10
C0220,Warhi Master,Etawah,Premium,2024-11-08
C0221,Ubika Lanka,Phagwara,Regular,2025-09-22
C0222,Abhiram Dutt,Korba,Premium,2025-06-29
C0223,Mekhala Bahri,Vadodara,Regular,2025-03-20
C0224,Aishani Datta,Akola,Regular,2024-10-09
C0225,Tanish Pant,Surendranagar Dudhrej,Regular,2026-01-15
C0226,Charan Karnik,Mira-Bhayandar,Premium,2024-10-28
C0227,Mahika Karan,Tumkur,Regular,2026-06-02
C0228,Pahal Babu,Karawal Nagar,Regular,2026-01-26
C0229,Urvi Krishnamurthy,Chinsurah,Premium,2024-10-14
C0230,Samesh Mistry,Akola,Premium,2025-10-04
C0231,Ayushman Dutta,Tadepalligudem,Premium,2025-08-02
C0232,Ojas Chacko,Bhagalpur,Premium,2025-10-15
C0233,Barkha Mahal,Patna,Premium,2024-09-29
C0234,Krish Doshi,Avadi,Premium,2026-05-01
C0235,Dev Lala,Bijapur,Regular,2026-02-26
C0236,Ojas Oommen,Hajipur,Regular,2025-05-24
C0237,Champak Varkey,Uluberia,Premium,2026-03-13
C0238,Oliver Raval,Aligarh,Premium,2025-08-16
C0239,Darpan Deo,Begusarai,Premium,2024-11-26
C0240,Yashvi Tak,Kakinada,Premium,2026-08-31
C0241,Rohan Butala,Shimla,Premium,2025-06-21
C0242,Azaan Pillai,Baranagar,Premium,2026-05-17
C0243,Andrew Andra,Vijayanagaram,Premium,2025-04-14
C0244,Priya Bir,Bhimavaram,Regular,2026-05-07
C0245,Dhruv Mandal,Thiruvananthapuram,Premium,2025-08-11
C0246,Ayushman Mital,Mysore,Regular,2025-12-23
C0247,Dakshesh Ramanathan,Karawal Nagar,Regular,2025-03-10
C0248,Brinda Joshi,Dhanbad,Regular,2025-12-19
C0249,Aarush Pathak,Khora ,Regular,2025-02-25
C0250,Maya Sen,Ambala,Premium,2024-11-18
C0251,Andrew Upadhyay,Dhanbad,Premium,2024-11-23
C0252,Ojasvi Samra,Ratlam,Regular,2025-11-07
C0253,Irya Sodhi,Kalyan-Dombivli,Premium,2026-04-07
C0254,Hredhaan Randhawa,New Delhi,Premium,2025-04-08
C0255,Gopal Kashyap,Gulbarga,Regular,2025-02-22
C0256,Liam Dey,Vasai-Virar,Regular,2025-09-29
C0257,Onveer Roy,Dhanbad,Premium,2025-03-18
C0258,Bachittar Tailor,Guna,Premium,2025-06-07
C0259,Gopal Dyal,Arrah,Premium,2024-10-01
C0260,Saksham Chahal,Medininagar,Regular,2026-06-02
C0261,Sara Sahota,Mirzapur,Regular,2025-10-31
C0262,Ijaya Sarna,Firozabad,Premium,2026-05-18
C0263,Ucchal Brar,Kollam,Premium,2025-05-19
C0264,Eshana Som,Gwalior,Regular,2025-04-06
C0265,Vansha Batra,Tiruchirappalli,Regular,2025-12-22
C0266,Omisha Cheema,Srikakulam,Regular,2025-10-13
C0267,Jatin Pingle,Narasaraopet,Regular,2026-03-20
C0268,Sudiksha Sawhney,Surat,Premium,2025-08-26
C0269,Eiravati Kari,Kollam,Regular,2024-12-12
C0270,Janaki Narayanan,Hapur,Regular,2025-01-14
C0271,Jonathan Cheema,Sasaram,Premium,2026-07-09
C0272,Panini Kar,Madanapalle,Regular,2026-07-07
C0273,Chatura Bhasin,Sri Ganganagar,Regular,2025-05-20
C0274,Kiaan Keer,Bhavnagar,Premium,2025-05-21
C0275,Watika Varkey,Tadipatri,Regular,2026-03-30
C0276,Deepa Dugal,Ramagundam,Premium,2026-07-06
C0277,Quincy Virk,Mysore,Premium,2026-05-21
C0278,Pranav Uppal,Bathinda,Regular,2025-09-28
C0279,Hemangini Vohra,Ludhiana,Premium,2025-05-14
C0280,Yochana Dhillon,Bokaro,Premium,2025-06-10
C0281,Caleb Kanda,Secunderabad,Regular,2026-03-09
C0282,Odika Korpal,Bhavnagar,Regular,2025-06-30
C0283,Yamini Ramanathan,Korba,Regular,2026-03-13
C0284,Aradhana Kibe,South Dumdum,Regular,2024-10-19
C0285,Wakeeta Sood,Sri Ganganagar,Premium,2025-07-21
C0286,Varenya Chahal,Kottayam,Regular,2025-05-06
C0287,Anthony Dey,Anand,Regular,2025-12-14
C0288,Yauvani Solanki,Kolkata,Premium,2025-10-02
C0289,Jai Sule,Satna,Regular,2025-05-15
C0290,Sara Kibe,Bhagalpur,Regular,2024-10-07
C0292,Ekbal Dara,Raiganj,Premium,2025-07-28
C0293,Nilima Dhingra,Saharsa,Regular,2026-06-09
C0294,Qadim Banerjee,Kishanganj,Premium,2024-10-26
C0295,Oliver Kala,Bharatpur,Premium,2024-11-06
C0296,Charan Sastry,Saharanpur,Regular,2024-10-19
C0297,Anay Shah,Khandwa,Regular,2024-12-23
C0298,Nirja Dutta,Kalyan-Dombivli,Regular,2024-11-14
C0299,Maanav Mangat,Shivpuri,Regular,2025-02-17
C0300,Fariq Devi,Shimla,Premium,2025-11-05
C0301,Aadi Behl,Secunderabad,Premium,2025-03-08
C0302,Qarin Datta,Salem,Regular,2025-05-29
C0303,Jonathan Singh,Kanpur,Regular,2026-02-23
C0304,Vedika Brahmbhatt,Loni,Premium,2024-09-07
C0305,Wriddhish Shankar,Unknown,Premium,2025-06-29
C0306,Laksh Mammen,Tirupati,Regular,2025-07-14
C0307,Rayaan Sachar,Anantapur,Premium,2026-04-22
C0308,Watika Shenoy,Giridih,Premium,2026-05-07
C0309,Chaman Batta,Vasai-Virar,Regular,2026-06-26
C0310,Upasna Atwal,Ahmedabad,Regular,2024-12-20
C0311,Karan Mohan,Orai,Premium,2026-04-26
C0312,Ethan Varughese,Karnal,Regular,2025-11-22
C0313,Simon Parekh,Akola,Premium,2024-10-11
C0314,Bachittar Palla,Shivpuri,Premium,2025-01-21
C0315,Aishani Varkey,Rohtak,Regular,2026-02-27
C0316,Chavvi Saxena,Nashik,Regular,2025-12-12
C0317,Megha Sane,Mysore,Regular,2025-07-16
C0318,Manan Kalla,Bhind,Regular,2026-03-30
C0319,Ayaan Randhawa,Amaravati,Premium,2025-03-28
C0320,Rachana Yohannan,Bhubaneswar,Premium,2026-08-23
C0321,Madhavi Borah,Serampore,Regular,2025-02-23
C0322,Jackson Iyengar,Gorakhpur,Premium,2025-03-03
C0323,Wazir Apte,Malegaon,Regular,2025-10-28
C0324,Ekanta Venkataraman,Raebareli,Premium,2026-02-20
C0325,Ronith Arya,Ujjain,Regular,2026-02-28
C0326,Charan Das,North Dumdum,Premium,2025-03-12
C0327,Balendra Mohanty,Deoghar,Regular,2026-01-22
C0328,Yashasvi Parekh,Raurkela Industrial Township,Premium,2025-06-26
C0329,Ekalinga Goyal,Vijayawada,Regular,2025-04-04
C0330,Ikshita Madan,Buxar,Regular,2025-12-07
C0331,Balveer Nagy,Guna,Regular,2024-11-18
C0332,Pratyush Ravi,Panvel,Regular,2024-11-30
C0333,Irya Cherian,Bihar Sharif,Regular,2024-12-22
C0334,Ronith Basak,Mirzapur,Regular,2025-06-06
C0335,Pallavi Parsa,Sikar,Regular,2024-11-22
C0336,Sarthak Srinivasan,Karimnagar,Premium,2024-10-22
C0337,Anya Ahuja,Imphal,Regular,2026-08-10
C0338,Anvi Bhatia,Mahbubnagar,Regular,2026-01-20
C0339,Jasmit Shroff,Kota,Premium,2025-07-05
C0340,Vasatika Bumb,Secunderabad,Premium,2025-12-24
C0341,Bakhshi Gade,Unknown,Regular,2026-01-07
C0342,Mitali Munshi,Mira-Bhayandar,Regular,2026-04-25
C0343,Sathvik Bajwa,Chandigarh,Premium,2025-01-02
C0344,Yadavi Bava,Bettiah,Regular,2025-05-24
C0345,Hemang Dugal,Jhansi,Premium,2025-11-20
C0346,Ishanvi Swamy,Thane,Premium,2024-12-22
C0347,Siddharth Prabhu,Bhimavaram,Premium,2026-02-05
C0348,Oni Dada,Siwan,Regular,2025-11-18
C0349,Mason Roy,Noida,Regular,2026-05-06
C0350,Vedhika Naidu,Raebareli,Regular,2025-10-26
C0351,Gautami Chakrabarti,Panvel,Regular,2024-12-24
C0352,Michael Ranganathan,Bongaigaon,Regular,2026-06-18
C0353,Yasti Iyengar,Parbhani,Regular,2025-10-27
C0354,Vedika Kumer,Korba,Regular,2025-11-02
C0355,Tamanna Thakkar,Hapur,Premium,2026-01-28
C0356,Indira Sha,Ballia,Premium,2025-04-13
C0357,Anirudh Chowdhury,Vasai-Virar,Regular,2025-04-15
C0358,Ekapad Bir,Rajpur Sonarpur,Regular,2025-08-05
C0359,Dalaja Peri,Srikakulam,Premium,2025-09-21
C0360,Lekha Kothari,Kolhapur,Regular,2025-06-12
C0361,Ayushman Sagar,Bharatpur,Premium,2026-04-21
C0362,Ubika Khatri,Bhalswa Jahangir Pur,Premium,2024-12-30
C0363,Tejas Nath,Nangloi Jat,Premium,2026-01-30
C0364,Gaurika Tailor,Orai,Premium,2025-10-29
C0365,Keya Lala,Bongaigaon,Premium,2025-05-29
C0366,Zinal Wable,Ichalkaranji,Premium,2025-03-03
C0367,Yamini Saha,Haldia,Premium,2025-03-22
C0368,Brijesh Sankar,Dhule,Regular,2024-12-01
C0369,Anirudh Bail,Panipat,Premium,2025-12-31
C0370,Ishwar Ghose,Kurnool,Premium,2026-06-23
C0371,Leela Shan,Bangalore,Regular,2026-03-07
C0372,Warhi Varty,Alwar,Premium,2025-04-21
C0373,Rajeshri Dhillon,Tiruchirappalli,Premium,2026-06-29
C0374,Praneel Halder,Chapra,Regular,2025-09-18
C0375,Anthony Date,Tadipatri,Regular,2025-05-25
C0376,Reva Sur,Ujjain,Regular,2025-08-18
C0377,Rachita Mandal,Ulhasnagar,Premium,2025-03-13
C0378,Frederick Goel,Saharanpur,Premium,2024-11-22
C0379,Hamsini Keer,Deoghar,Premium,2024-10-23
C0380,Xiti Mahajan,Raipur,Premium,2025-03-21
C0381,Omya Raghavan,Shivpuri,Premium,2025-10-13
C0382,Manya Ravel,Loni,Premium,2026-08-10
C0383,Adweta Char,Kottayam,Regular,2025-12-27
C0384,Peter Kakar,Erode,Premium,2025-05-02
C0385,Jackson Arora,Bilaspur,Regular,2026-01-31
C0386,Henry Lad,Allahabad,Regular,2026-04-13
C0387,Jatin Barman,Alappuzha,Regular,2025-10-17
C0388,Rudra Prabhakar,Guntur,Regular,2024-12-16
C0389,Banjeet Gera,Jamshedpur,Premium,2025-08-10
C0390,Robert Dugar,Noida,Regular,2026-07-15
C0391,Lajita Saha,Sirsa,Regular,2025-04-06
C0392,Ubika Padmanabhan,Visakhapatnam,Premium,2026-04-23
C0393,Sachi Basu,Rohtak,Premium,2025-10-20
C0394,Yashica Mahajan,Madhyamgram,Premium,2026-07-09
C0395,Vincent Raghavan,Avadi,Regular,2024-12-14
C0396,Henry Panchal,Hosur,Regular,2026-08-28
C0397,Om Narasimhan,Malda,Premium,2024-10-14
C0399,Avni Behl,Kamarhati,Premium,2024-11-06
C0400,Kala Shah,Kakinada,Premium,2026-03-26
C0401,Jeet Chanda,Jodhpur,Regular,2025-02-17
C0402,Oviya Mani,Thrissur,Regular,2025-07-25
C0403,Riya Kuruvilla,Hazaribagh,Regular,2025-01-12
C0404,Kai Zachariah,Bijapur,Regular,2026-08-22
C0405,Shivansh Purohit,Hapur,Regular,2025-12-19
C0406,Tanveer Salvi,Jammu,Premium,2025-07-25
C0407,Chanchal Merchant,Unnao,Regular,2025-07-24
C0408,Hema Sunder,Bhubaneswar,Regular,2026-08-22
C0409,Devansh Wadhwa,Dharmavaram,Regular,2024-10-31
C0410,Jai Taneja,Bihar Sharif,Regular,2024-09-18
C0411,Bhavika Khalsa,Phusro,Premium,2026-06-15
C0412,Xiti Muni,Coimbatore,Regular,2025-02-12
C0413,Daksh Kant,Shimla,Premium,2025-11-24
C0414,Urvi Kota,Bharatpur,Regular,2026-07-30
C0415,Chaman Hora,Satna,Regular,2024-10-14
C0417,Isaiah Kalla,Raebareli,Regular,2025-12-31
C0418,Aahana Sha,Ratlam,Regular,2026-07-04
C0419,Bimala Karnik,Madurai,Regular,2025-01-30
C0420,Gaurav Kothari,Hyderabad,Premium,2026-03-27
C0421,Balendra Kala,Bhilai,Premium,2026-03-14
C0422,Samuel Sangha,Patiala,Premium,2025-04-13
C0423,Balhaar Virk,Khammam,Premium,2024-12-02
C0424,Urvi Bhandari,Machilipatnam,Regular,2025-06-03
C0425,Daksha Kaur,Thrissur,Premium,2024-10-28
C0426,Vidhi Loyal,Kochi,Regular,2025-01-19
C0427,Wyatt Naik,Phagwara,Premium,2026-01-06
C0428,Megha Chaudhary,Panvel,Regular,2025-03-10
C0429,Daksha Natarajan,Shimla,Premium,2025-01-20
C0430,Oni Mittal,Chittoor,Premium,2026-05-03
C0431,Ucchal Agarwal,Sagar,Premium,2025-08-23
C0432,Theodore Bandi,Haridwar,Premium,2025-06-08
C0433,Netra Pall,Shimoga,Regular,2026-04-04
C0434,Ishanvi Wadhwa,Indore,Premium,2025-09-28
C0435,Samarth Borde,Visakhapatnam,Regular,2025-05-10
C0436,Quincy Yogi,Guntur,Regular,2025-12-26
C0437,Brijesh Peri,Patiala,Regular,2025-11-26
C0438,Hemal Tiwari,Gopalpur,Premium,2025-04-24
C0439,Isaac Khatri,Avadi,Premium,2024-10-13
C0440,Jeevika Vasa,Kurnool,Regular,2025-07-19
C0441,Yahvi Srinivasan,Hazaribagh,Regular,2026-06-17
C0442,Robert Kari,Sasaram,Regular,2024-10-09
C0443,Mitali Chaudhary,Jabalpur,Premium,2026-01-12
C0444,Praneel Panchal,Thanjavur,Premium,2025-12-16
C0445,Balendra Venkataraman,Arrah,Regular,2026-01-02
C0446,Vyanjana Bora,Sasaram,Regular,2024-10-20
C0447,Vrinda Basu,Guna,Regular,2025-03-11
C0448,Wriddhish Naik,Bangalore,Regular,2026-03-29
C0449,Aarush Yogi,Madhyamgram,Premium,2026-08-05
C0450,Divya Kota,Gandhinagar,Regular,2024-12-25
C0451,Wazir Bath,Morena,Premium,2025-02-28
C0452,Urishilla Bawa,Pallavaram,Regular,2025-10-05
C0453,Finn Goel,Firozabad,Regular,2025-03-05
C0454,Xiti Dhingra,Shimoga,Premium,2024-12-15
C0455,Fariq Sengupta,Bhind,Regular,2025-10-23
C0456,Gabriel Bala,Kharagpur,Regular,2025-02-18
C0457,Hredhaan Narayanan,Shivpuri,Premium,2026-03-04
C0458,Sanya Khatri,Dehri,Premium,2026-02-22
C0459,Radha Shere,Jamnagar,Regular,2026-03-11
C0460,Rachana Kalita,Hubli–Dharwad,Regular,2024-10-25
C0461,Gaurangi Jayaraman,Vellore,Premium,2024-10-28
C0462,Ojasvi Kamdar,Kulti,Regular,2025-03-31
C0463,Zinal Saha,Mirzapur,Regular,2024-11-22
C0464,Diya Bhatia,Guntur,Premium,2026-03-18
C0465,Manbir Lata,Morbi,Premium,2026-03-07
C0466,Shravya Dhawan,Panchkula,Regular,2025-07-11
C0467,Diya Dhar,Madhyamgram,Premium,2025-09-24
C0468,Udyati Salvi,Pali,Regular,2024-11-16
C0469,Elijah Mall,Gwalior,Premium,2025-06-18
C0470,Udant Bir,Sambhal,Regular,2026-03-26
C0471,Nidhi Mutti,Serampore,Regular,2026-03-09
C0472,Chandresh Prasad,Ulhasnagar,Premium,2026-01-07
C0473,Bachittar Kapur,Jaunpur,Premium,2026-05-10
C0474,Edhitha Taneja,Davanagere,Regular,2026-04-29
C0475,Sai Anne,Nadiad,Regular,2025-10-22
C0476,Chakrika Dey,Panipat,Premium,2026-07-08
C0477,Saksham Manda,Ongole,Premium,2025-09-16
C0478,Qarin Swamy,Kishanganj,Premium,2025-02-17
C0479,Devansh Sibal,Purnia,Premium,2026-06-20
C0480,Kala Dugar,Unknown,Premium,2026-08-20
C0481,Ati Subramaniam,Gudivada,Premium,2026-07-16
C0482,Azad Prakash,Kumbakonam,Regular,2025-07-21
C0483,Yahvi Srivastava,Medininagar,Regular,2024-12-31
C0484,Aahana Nair,Madanapalle,Regular,2026-03-23
C0485,Vrinda Thaker,Naihati,Premium,2026-04-25
C0486,Tripti Thaker,Kurnool,Regular,2025-07-16
C0487,Omkaar Karnik,Srinagar,Premium,2025-12-04
C0488,Hema Hans,Bijapur,Premium,2025-09-23
C0489,Samar Bajaj,Miryalaguda,Regular,2025-03-24
C0490,Dakshesh Dara,Pudukkottai,Premium,2026-08-29
C0491,Frado Babu,Junagadh,Premium,2024-12-10
C0492,Christopher Sodhi,Salem,Premium,2025-07-24
C0493,Harshil Wadhwa,Mira-Bhayandar,Regular,2025-12-21
C0494,Nicholas Sandal,Farrukhabad,Regular,2025-10-31
C0495,Rajata Kala,Mumbai,Regular,2024-09-05
C0496,Kashvi Sundaram,Buxar,Regular,2025-08-12
C0497,Aishani Deep,Nanded,Regular,2026-05-15
C0498,Zansi Oak,Kurnool,Premium,2025-02-18
C0499,Abhiram Chokshi,Aizawl,Regular,2026-01-28
C0500,Aadi Kala,Khandwa,Premium,2026-05-02
